Value 1,Result,
50,7.071067811,
872,29.52964612,
670,25.88435821,
991,31.48015248,
440,20.97617696,
268,16.37070554,
12,3.464101615,
145,12.04159458,
66,8.124038404,
345,18.57417562,
2,1.414213562,
792,28.14249456,
23,4.795831523,
333,18.24828759,
876,29.59729717,
9,3,
732,27.05549852,
509,22.56102835,
