Value 1,Value 2,Result
334,862,2.58083832
891,959,1.07631874
942,336,0.3566879
222,103,0.46396396
323,668,2.06811146
112,258,2.30357143
722,474,0.6565097
554,426,0.76895307
818,122,0.14914425
320,163,0.509375
746,10,0.01340483
625,727,1.1632
984,851,0.8648374
744,511,0.68682796
674,309,0.45845697
101,393,3.89108911
501,77,0.15369261
216,608,2.81481481
